{
  "0-0": 0.017536343383789062,
  "0-1": 0.016685601806640624,
  "0-2": 0.019556399536132814,
  "0-3": 0.015924290466308593,
  "0-4": 0.015515660858154296,
  "0-5": 0.016402364349365234,
  "0-6": 0.016602485656738282,
  "0-7": 0.016257533264160157,
  "0-8": 0.015519576263427735,
  "0-9": 0.014767756271362304,
  "0-10": 0.013456427955627442,
  "0-11": 0.01367206802368164,
  "0-12": 0.017928340148925782,
  "0-13": 0.018234370422363283,
  "0-14": 0.01774913024902344,
  "0-15": 0.01722008285522461,
  "0-16": 0.017665947723388673,
  "0-17": 0.015120381546020507,
  "0-18": 0.018121559143066405,
  "0-19": 0.01779166259765625,
  "0-20": 0.01917124481201172,
  "0-21": 0.019392796325683595,
  "0-22": 0.018924861145019532,
  "0-23": 0.015771459197998047,
  "0-24": 0.013984735107421875,
  "0-25": 0.01311985855102539,
  "0-26": 0.013046397399902343,
  "0-27": 0.013656849670410157,
  "0-28": 0.019565957641601562,
  "0-29": 0.0193056884765625,
  "0-30": 0.01935955505371094,
  "0-31": 0.0200825927734375,
  "1-0": 0.019946295166015624,
  "1-1": 0.019925308227539063,
  "1-2": 0.019924807739257814,
  "1-3": 0.01992520751953125,
  "1-4": 0.019912506103515627,
  "1-5": 0.019916720581054686,
  "1-6": 0.019899993896484374,
  "1-7": 0.019854547119140625,
  "1-8": 0.018492584228515626,
  "1-9": 0.01922125244140625,
  "1-10": 0.01932841491699219,
  "1-11": 0.01972811279296875,
  "1-12": 0.019346188354492186,
  "1-13": 0.019910794067382814,
  "1-14": 0.01959947814941406,
  "1-15": 0.01988203125,
  "1-16": 0.019923052978515626,
  "1-17": 0.01992902526855469,
  "1-18": 0.019955825805664063,
  "1-19": 0.01988574523925781,
  "1-20": 0.019871450805664062,
  "1-21": 0.019872616577148436,
  "1-22": 0.018950860595703126,
  "1-23": 0.01922080078125,
  "1-24": 0.019922833251953126,
  "1-25": 0.01979221496582031,
  "1-26": 0.019925778198242188,
  "1-27": 0.019816915893554686,
  "1-28": 0.018283941650390625,
  "1-29": 0.01882254943847656,
  "1-30": 0.019776654052734374,
  "1-31": 0.018869342041015626,
  "2-0": 0.019897308349609375,
  "2-1": 0.019848226928710938,
  "2-2": 0.01992432861328125,
  "2-3": 0.01985977783203125,
  "2-4": 0.019388934326171874,
  "2-5": 0.01919647216796875,
  "2-6": 0.018939474487304687,
  "2-7": 0.019823101806640625,
  "2-8": 0.019925875854492188,
  "2-9": 0.019917678833007813,
  "2-10": 0.0197698974609375,
  "2-11": 0.01990079345703125,
  "2-12": 0.019907626342773436,
  "2-13": 0.019907034301757814,
  "2-14": 0.019574920654296876,
  "2-15": 0.02011868896484375,
  "2-16": 0.019907626342773436,
  "2-17": 0.01990391845703125,
  "2-18": 0.019902911376953124,
  "2-19": 0.019099432373046874,
  "2-20": 0.020801504516601562,
  "2-21": 0.026130526733398437,
  "2-22": 0.021538848876953124,
  "2-23": 0.019970785522460937,
  "2-24": 0.019841635131835938,
  "2-25": 0.019868338012695313,
  "2-26": 0.019940945434570312,
  "2-27": 0.01994436340332031,
  "2-28": 0.019939697265625,
  "2-29": 0.019866555786132813,
  "2-30": 0.01991546630859375,
  "2-31": 0.0199322265625,
  "3-0": 0.019349713134765623,
  "3-1": 0.019716448974609373,
  "3-2": 0.019881817626953124,
  "3-3": 0.01988367919921875,
  "3-4": 0.01994644775390625,
  "3-5": 0.019908847045898438,
  "3-6": 0.019884286499023438,
  "3-7": 0.019910043334960936,
  "3-8": 0.01980780029296875,
  "3-9": 0.01978793029785156,
  "3-10": 0.01991261291503906,
  "3-11": 0.019883135986328127,
  "3-12": 0.019589959716796876,
  "3-13": 0.01984593505859375,
  "3-14": 0.019905746459960936,
  "3-15": 0.01985103759765625,
  "3-16": 0.0198850830078125,
  "3-17": 0.01991395568847656,
  "3-18": 0.019941439819335938,
  "3-19": 0.0198627685546875,
  "3-20": 0.019681900024414063,
  "3-21": 0.019661968994140626,
  "3-22": 0.019417666625976562,
  "3-23": 0.019340673828125,
  "3-24": 0.019853204345703125,
  "3-25": 0.01977685546875,
  "3-26": 0.01988616027832031,
  "3-27": 0.019654702758789062,
  "3-28": 0.019783880615234374,
  "3-29": 0.019253009033203126,
  "3-30": 0.019662298583984376,
  "3-31": 0.019787445068359374,
  "4-0": 0.01987882080078125,
  "4-1": 0.019843670654296874,
  "4-2": 0.019814736938476563,
  "4-3": 0.019533953857421876,
  "4-4": 0.019889248657226563,
  "4-5": 0.019617413330078125,
  "4-6": 0.019577032470703123,
  "4-7": 0.019844281005859374,
  "4-8": 0.019842926025390624,
  "4-9": 0.0198359130859375,
  "4-10": 0.019690689086914064,
  "4-11": 0.01987676086425781,
  "4-12": 0.019934841918945314,
  "4-13": 0.019858786010742188,
  "4-14": 0.01994648132324219,
  "4-15": 0.01908309326171875,
  "4-16": 0.024807159423828124,
  "4-17": 0.019963677978515625,
  "4-18": 0.019941537475585937,
  "4-19": 0.020155352783203125,
  "4-20": 0.019075872802734376,
  "4-21": 0.01983377685546875,
  "4-22": 0.01964819641113281,
  "4-23": 0.019743130493164063,
  "4-24": 0.019892950439453126,
  "4-25": 0.019896661376953124,
  "4-26": 0.019677581787109374,
  "4-27": 0.019895199584960936,
  "4-28": 0.01949635925292969,
  "4-29": 0.01988030090332031,
  "4-30": 0.019850631713867188,
  "4-31": 0.01984022216796875,
  "5-0": 0.019860711669921875,
  "5-1": 0.0198097900390625,
  "5-2": 0.019834808349609375,
  "5-3": 0.019911331176757814,
  "5-4": 0.019829879760742186,
  "5-5": 0.021240960693359377,
  "5-6": 0.019850494384765625,
  "5-7": 0.019981573486328126,
  "5-8": 0.029168536376953123,
  "5-9": 0.028580941772460938,
  "5-10": 0.03052604675292969,
  "5-11": 0.021857315063476563,
  "5-12": 0.019806497192382814,
  "5-13": 0.019871224975585938,
  "5-14": 0.0199171142578125,
  "5-15": 0.019834353637695312,
  "5-16": 0.019822186279296876,
  "5-17": 0.02017012939453125,
  "5-18": 0.0199210693359375,
  "5-19": 0.01976358642578125,
  "5-20": 0.019755569458007813,
  "5-21": 0.019774215698242188,
  "5-22": 0.019727392578125,
  "5-23": 0.01977525634765625,
  "5-24": 0.019927783203125,
  "5-25": 0.019834353637695312,
  "5-26": 0.019511972045898437,
  "5-27": 0.01926759033203125,
  "5-28": 0.019754653930664064,
  "5-29": 0.019890423583984376,
  "5-30": 0.019857772827148436,
  "5-31": 0.019826654052734375,
  "6-0": 0.020020828247070313,
  "6-1": 0.0199066650390625,
  "6-2": 0.020165017700195312,
  "6-3": 0.02002247314453125,
  "6-4": 0.02000040283203125,
  "6-5": 0.0199444091796875,
  "6-6": 0.020831201171875,
  "6-7": 0.019928231811523436,
  "6-8": 0.0198199951171875,
  "6-9": 0.018931741333007814,
  "6-10": 0.019823834228515625,
  "6-11": 0.019792572021484375,
  "6-12": 0.019828131103515625,
  "6-13": 0.019853924560546875,
  "6-14": 0.019000125122070312,
  "6-15": 0.01977047119140625,
  "6-16": 0.019927169799804686,
  "6-17": 0.019614019775390627,
  "6-18": 0.019761117553710936,
  "6-19": 0.01965958251953125,
  "6-20": 0.020099679565429688,
  "6-21": 0.01987455139160156,
  "6-22": 0.02180617370605469,
  "6-23": 0.019790390014648437,
  "6-24": 0.020106338500976564,
  "6-25": 0.02002332763671875,
  "6-26": 0.020306234741210936,
  "6-27": 0.019899191284179687,
  "6-28": 0.020250546264648436,
  "6-29": 0.022235263061523437,
  "6-30": 0.019950497436523437,
  "6-31": 0.023478387451171874,
  "7-0": 0.019837411499023436,
  "7-1": 0.01975863037109375,
  "7-2": 0.019857388305664064,
  "7-3": 0.020858740234375,
  "7-4": 0.019675827026367186,
  "7-5": 0.0199235107421875,
  "7-6": 0.01958038330078125,
  "7-7": 0.020169424438476562,
  "7-8": 0.019639669799804686,
  "7-9": 0.019563677978515624,
  "7-10": 0.019595059204101564,
  "7-11": 0.019843881225585936,
  "7-12": 0.019916986083984376,
  "7-13": 0.0199669189453125,
  "7-14": 0.01984527587890625,
  "7-15": 0.019862850952148438,
  "7-16": 0.019760595703125,
  "7-17": 0.019804107666015626,
  "7-18": 0.019660311889648438,
  "7-19": 0.019833590698242188,
  "7-20": 0.0196084228515625,
  "7-21": 0.020629608154296875,
  "7-22": 0.02031240234375,
  "7-23": 0.02145408630371094,
  "7-24": 0.01963469543457031,
  "7-25": 0.0214634033203125,
  "7-26": 0.019794033813476563,
  "7-27": 0.01985765075683594,
  "7-28": 0.019595098876953126,
  "7-29": 0.019571142578125,
  "7-30": 0.019650277709960938,
  "7-31": 0.019690322875976562,